{"cameraMode":{"drawMode":0,"name":"Shaded","section":"Shading Mode"},"sceneLighting":true,"audioPlay":false,"sceneViewState":{"m_AlwaysRefresh":false,"showFog":true,"showSkybox":true,"showFlares":true,"showImageEffects":true,"showParticleSystems":true,"showVisualEffectGraphs":true,"m_FxEnabled":true},"in2DMode":false,"pivot":{"x":-0.46170753240585329,"y":15.06635856628418,"z":-14.447419166564942},"rotation":{"x":0.2797112464904785,"y":-0.0066222925670444969,"z":0.0019298035185784102,"w":0.9600592851638794},"size":5.2440924644470219,"orthographic":false}